Index Name,Date,Open,High,Low,Close,Daily_Return,Daily_Return_Pct,Price_Change,Intraday_Range,Intraday_Range_Pct,MA_5,MA_10,MA_20,Volatility_10D,Momentum_5D,Lag_1,Lag_2,Lag_3,Lag_5,Lag_10,Target_Next_Day_Up
NIFTY 50,2026-03-02,24659.25,24989.35,24603.5,24865.7,,,,385.84999999999854,1.5517359253911958,,,,,,,,,,,0
NIFTY 50,2026-03-04,24388.8,24602.45,24305.4,24480.5,-0.015491218827541564,-1.5491218827541564,-385.2000000000007,297.0499999999993,1.2134147586854815,,,,,,24865.7,,,,,1
NIFTY 50,2026-03-05,24615.95,24854.2,24529.4,24765.9,0.01165825861399905,1.165825861399905,285.40000000000146,324.7999999999993,1.311480705324657,,,,,,24480.5,24865.7,,,,0
NIFTY 50,2026-03-06,24656.4,24700.8,24415.75,24450.45,-0.012737271813259343,-1.2737271813259343,-315.4500000000007,285.0499999999993,1.1658272138140575,,,,,,24765.9,24480.5,24865.7,,,0
NIFTY 50,2026-03-09,23868.05,24078.15,23697.8,24028.05,-0.017275755660938863,-1.7275755660938863,-422.40000000000146,380.3500000000022,1.5829416036673896,24518.120000000003,,,,,24450.45,24765.9,24480.5,,,1
NIFTY 50,2026-03-10,24280.8,24303.8,24079.95,24261.6,0.009719889878704313,0.9719889878704313,233.54999999999927,223.84999999999854,0.9226514327167151,24397.3,,,,-0.02429451010830186,24028.05,24450.45,24765.9,24865.7,,0
NIFTY 50,2026-03-11,24231.85,24299.0,23834.3,23866.85,-0.016270567481122433,-1.6270567481122433,-394.75,464.7000000000007,1.9470520827004851,24274.57,,,,-0.025066889973652584,24261.6,24028.05,24450.45,24480.5,,0
NIFTY 50,2026-03-12,23674.85,23833.15,23556.3,23639.15,-0.009540429507873815,-0.9540429507873815,-227.6999999999971,276.8500000000022,1.1711504009239002,24049.219999999998,,,,-0.04549602477600245,23866.85,24261.6,24028.05,24765.9,,0
NIFTY 50,2026-03-13,23462.5,23492.4,23112.0,23151.1,-0.020645835404403456,-2.0645835404403456,-488.0500000000029,380.40000000000146,1.6431184695327716,23789.35,,,,-0.05314217120748299,23639.15,23866.85,24261.6,24450.45,,1
NIFTY 50,2026-03-16,23116.1,23502.0,22955.25,23408.8,0.011131220546755971,1.113122054675597,257.7000000000007,546.75,2.3356600936399987,23665.5,24091.81,,,-0.025771962352334032,23151.1,23639.15,23866.85,24028.05,,1
NIFTY 50,2026-03-17,23493.2,23656.8,23346.6,23581.15,0.007362615768429004,0.7362615768429004,172.35000000000218,310.2000000000007,1.3154574734480748,23529.41,23963.355,,21.29687116305396,-0.02804637781514807,23408.8,23151.1,23639.15,24261.6,24865.7,1
NIFTY 50,2026-03-18,23632.9,23862.25,23618.45,23777.8,0.008339287948212704,0.8339287948212704,196.64999999999782,243.79999999999927,1.025326144555002,23511.6,23893.085,,21.434726256199998,-0.003731116590584782,23581.15,23408.8,23151.1,23866.85,24480.5,0
NIFTY 50,2026-03-19,23197.75,23378.7,22930.35,23002.15,-0.03262076390582802,-3.262076390582802,-775.6499999999978,448.3500000000022,1.9491656214745239,23384.2,23716.71,,24.379804759953405,-0.02694682338408949,23777.8,23581.15,23408.8,23639.15,24765.9,1
NIFTY 50,2026-03-20,23110.15,23345.15,23067.6,23114.5,0.004884326030392794,0.4884326030392794,112.34999999999854,277.5500000000029,1.2007614268100237,23376.879999999997,23583.115,,24.869947614158146,-0.0015809184012853805,23002.15,23777.8,23581.15,23151.1,24450.45,0
NIFTY 50,2026-03-23,22824.35,22851.7,22471.25,22512.65,-0.026037768500291936,-2.6037768500291936,-601.8499999999985,380.4500000000007,1.6899387677594628,23197.65,23431.575,,26.375797400789384,-0.038282611667406985,23114.5,23002.15,23777.8,23408.8,24028.05,1
NIFTY 50,2026-03-24,22878.45,23057.3,22624.2,22912.4,0.017756683464629885,1.7756683464629885,399.75,433.09999999999854,1.8902428379392753,23063.9,23296.655,,28.006494255505356,-0.028359515969322957,22512.65,23114.5,23002.15,23581.15,24261.6,1
NIFTY 50,2026-03-25,23064.4,23465.35,23063.2,23306.45,0.017198111066496713,1.7198111066496713,394.0499999999993,402.1499999999978,1.7254880086842819,22969.629999999997,23240.615,,29.427487676769786,-0.019823112314848235,22912.4,22512.65,23114.5,23777.8,23866.85,0
NIFTY 50,2026-03-27,23173.55,23186.1,22804.55,22819.6,-0.020889067189554966,-2.0889067189554966,-486.8500000000022,381.5499999999993,1.6720275552595107,22933.120000000003,23158.659999999996,,30.740413419124945,-0.007936214658195162,23306.45,22912.4,22512.65,23002.15,23639.15,0
NIFTY 50,2026-03-30,22549.65,22714.1,22283.85,22331.4,-0.02139388946344356,-2.139388946344356,-488.1999999999971,430.25,1.926659322747342,22776.5,23076.690000000002,,30.860306998167967,-0.033879166756797585,22819.6,23306.45,22912.4,23114.5,23151.1,1
NIFTY 50,2026-04-01,22899.0,22941.3,22618.6,22679.4,0.015583438566323604,1.5583438566323604,348.0,322.7000000000007,1.4228771484254463,22809.85,23003.75,23547.78,31.522226026109145,0.007406946761043143,22331.4,22819.6,23306.45,22512.65,23408.8,1
NIFTY 50,2026-04-02,22383.4,22782.3,22182.55,22713.1,0.0014859299628737777,0.14859299628737777,33.69999999999709,599.75,2.640546644887752,22769.99,22916.945,23440.15,31.11769738363553,-0.00869834674673986,22679.4,22331.4,22819.6,22912.4,23581.15,1
NIFTY 50,2026-04-06,22780.3,22998.35,22542.95,22968.25,0.01123360527625028,1.123360527625028,255.15000000000146,455.3999999999978,1.9827370391736325,22702.35,22835.99,23364.5375,31.459877278558945,-0.014511004464429433,22713.1,22679.4,22331.4,23306.45,23777.8,1
NIFTY 50,2026-04-07,22838.7,23153.85,22719.3,23123.65,0.006765861569775655,0.6765861569775655,155.40000000000146,434.5499999999993,1.8792448424016073,22763.16,22848.14,23282.425,27.083147197004152,0.013324072288734445,22968.25,22713.1,22679.4,22819.6,23002.15,1
NIFTY 50,2026-04-08,23855.15,24025.15,23828.5,23997.35,0.037783827380192925,3.7783827380192925,873.6999999999971,196.65000000000146,0.8194654826470483,23096.35,22936.425,23259.77,32.925783856316635,0.0746012341366864,23123.65,22968.25,22713.1,22331.4,23114.5,0
NIFTY 50,2026-04-09,23909.05,23990.75,23682.8,23775.1,-0.00926143928392098,-0.926143928392098,-222.25,307.9500000000007,1.2952626907983595,23315.489999999998,23062.670000000002,23247.1225,29.551928605259565,0.048312565588154666,23997.35,23123.65,22968.25,22679.4,22512.65,1
NIFTY 50,2026-04-10,23880.55,24074.05,23856.35,24050.6,0.011587753574117565,1.1587753574117565,275.5,217.70000000000073,0.9051749228709502,23582.99,23176.489999999998,23236.572500000002,29.000015675810253,0.05888672175968934,23775.1,23997.35,23123.65,22713.1,22912.4,0
NIFTY 50,2026-04-13,23589.6,23907.4,23555.6,23842.65,-0.00864635393711577,-0.8646353937115769,-207.9499999999971,351.8000000000029,1.4755071269343083,23757.870000000003,23230.109999999997,23235.3625,28.86026790824443,0.03806994437974165,24050.6,23775.1,23997.35,22968.25,23306.45,1
NIFTY 50,2026-04-15,24163.8,24280.9,24145.8,24231.3,0.01630062094607765,1.6300620946077649,388.6499999999978,135.10000000000218,0.5575433427013912,23979.4,23371.280000000002,23264.969999999998,26.380032464784087,0.04790117477128386,23842.65,24050.6,23775.1,23123.65,22819.6,0
NIFTY 50,2026-04-16,24385.2,24400.95,24102.8,24196.75,-0.0014258417831481962,-0.14258417831481962,-34.54999999999927,298.15000000000146,1.232190273487148,24019.28,23557.815,23317.2525,22.100981746146292,0.008309250813110625,24231.3,23842.65,24050.6,23997.35,22331.4,1
NIFTY 50,2026-04-17,24165.9,24371.9,24096.05,24353.55,0.006480209118993274,0.6480209118993274,156.79999999999927,275.8500000000022,1.1326890740775049,24134.97,23725.23,23364.49,21.711630006132072,0.024330076424494473,24196.75,24231.3,23842.65,23775.1,22679.4,1
NIFTY 50,2026-04-20,24391.5,24480.65,24241.25,24364.85,0.00046399806188412995,0.046399806188412995,11.299999999999272,239.40000000000146,0.9825629954627321,24197.82,23890.405,23403.675,21.793244786618903,0.013066202090592283,24353.55,24196.75,24231.3,24050.6,22713.1,1
NIFTY 50,2026-04-21,24374.55,24601.7,24354.9,24576.6,0.008690798424779933,0.8690798424779933,211.75,246.79999999999927,1.004207254054667,24344.609999999997,24051.239999999998,23443.614999999998,21.69628930366841,0.030783071512604288,24364.85,24353.55,24196.75,23842.65,22968.25,0
NIFTY 50,2026-04-22,24470.85,24515.95,24352.9,24378.1,-0.008076788489864373,-0.8076788489864373,-198.5,163.04999999999927,0.6688380144473904,24373.969999999998,24176.684999999998,23512.4125,22.95961687325772,0.00605827999323183,24576.6,24364.85,24353.55,24231.3,23123.65,0
NIFTY 50,2026-04-23,24202.35,24310.2,24134.8,24173.05,-0.008411237955377904,-0.8411237955377904,-205.04999999999927,175.40000000000146,0.7256014445839539,24369.23,24194.254999999997,23565.34,15.063070285536618,-0.0009794703834192786,24378.1,24576.6,24364.85,24196.75,23997.35,0
NIFTY 50,2026-04-24,24100.55,24206.0,23813.65,23897.95,-0.011380442269386726,-1.1380442269386726,-275.09999999999854,392.34999999999854,1.6417726206641094,24278.11,24206.54,23634.605000000003,15.489723626190791,-0.01870774486676474,24173.05,24378.1,24576.6,24353.55,23775.1,1
NIFTY 50,2026-04-27,23945.45,24130.7,23936.2,24092.7,0.00814923455777583,0.8149234557775831,194.75,194.5,0.8072984763019504,24223.68,24210.75,23693.620000000003,14.888686687349145,-0.011169779415838743,23897.95,24173.05,24378.1,24364.85,24050.6,0
NIFTY 50,2026-04-28,24049.9,24181.8,23957.05,23995.7,-0.004026115794410701,-0.40261157944107007,-97.0,224.75,0.9366261455177386,24107.5,24226.055,23728.082499999997,14.287286637325112,-0.02363630445220244,24092.7,23897.95,24173.05,24576.6,23842.65,1
NIFTY 50,2026-04-29,24096.9,24334.7,24059.95,24177.65,0.0075826085506986995,0.75826085506987,181.95000000000073,274.75,1.136380086567553,24067.41,24220.69,23795.985,12.124393147693969,-0.008222544004659826,23995.7,24092.7,23897.95,24378.1,24231.3,0
NIFTY 50,2026-04-30,23996.95,24087.45,23796.85,23997.55,-0.007449028338155417,-0.7449028338155417,-180.10000000000218,290.6000000000022,1.210956951855511,24032.31,24200.769999999997,23879.2925,12.660709471848694,-0.007260151284178007,24177.65,23995.7,24092.7,24173.05,24196.75,1
NIFTY 50,2026-05-04,24063.55,24290.2,24004.75,24119.3,0.005073434579780045,0.5073434579780045,121.75,285.4500000000007,1.183492058227232,24076.579999999998,24177.345,23951.2875,12.452260972761923,0.009262300741276874,23997.55,24177.65,23995.7,23897.95,24353.55,0
NIFTY 50,2026-05-05,24052.6,24081.7,23882.05,24032.8,-0.003586339570385566,-0.3586339570385566,-86.5,199.65000000000146,0.830739655803741,24064.6,24144.14,24017.2725,12.49048130433218,-0.002486230268919698,24119.3,23997.55,24177.65,24092.7,24364.85,1
NIFTY 50,2026-05-06,24171.0,24356.5,23997.9,24330.95,0.012405961852135494,1.2405961852135494,298.15000000000146,358.59999999999854,1.4738429859910875,24131.65,24119.575,24085.407499999998,13.43005498524229,0.013971253182861965,24032.8,24119.3,23997.55,23995.7,24576.6,0
NIFTY 50,2026-05-07,24398.5,24482.1,24284.0,24326.65,-0.00017672963858783586,-0.017672963858783586,-4.299999999999272,198.09999999999854,0.8143332518040853,24161.45,24114.43,24145.557500000003,12.832051409370429,0.0061627163930324524,24330.95,24032.8,24119.3,24177.65,24378.1,0
NIFTY 50,2026-05-08,24233.65,24253.8,24126.65,24176.15,-0.006186630711585872,-0.6186630711585872,-150.5,127.14999999999782,0.5259315482407159,24197.170000000002,24114.739999999998,24154.4975,12.476244317534952,0.007442426414363323,24326.65,24330.95,24032.8,23997.55,24173.05,0
NIFTY 50,2026-05-11,23970.1,23997.45,23799.1,23815.85,-0.014903117328441629,-1.4903117328441629,-360.3000000000029,198.35000000000218,0.8328487120972049,24136.480000000003,24106.530000000002,24156.535,13.46529090048282,-0.012581210897497086,24176.15,24326.65,24330.95,24119.3,23897.95,0
NIFTY 50,2026-05-12,23722.6,23757.55,23348.4,23379.55,-0.018319732447088732,-1.8319732447088732,-436.2999999999993,409.1499999999978,1.7500336832830306,24005.83,24035.215,24122.9825,15.246442426521476,-0.02718160181085849,23815.85,24176.15,24326.65,24032.8,24092.7,1
NIFTY 50,2026-05-13,23362.45,23582.95,23262.55,23412.6,0.0014136285771111368,0.14136285771111368,33.04999999999927,320.40000000000146,1.3684938879065183,23822.16,23976.905,24101.480000000003,15.383720971375872,-0.03774410781329962,23379.55,23815.85,24176.15,24330.95,23995.7,1
NIFTY 50,2026-05-14,23530.25,23777.2,23426.55,23689.6,0.011831236171975679,1.1831236171975679,277.0,350.65000000000146,1.4801853978117043,23694.75,23928.1,24074.395,16.278616087643417,-0.026187329533659653,23412.6,23379.55,23815.85,24326.65,24177.65,0
NIFTY 50,2026-05-15,23731.4,23839.3,23610.3,23643.5,-0.001946001620964366,-0.1946001620964366,-46.099999999998545,229.0,0.9685537251252987,23588.22,23892.695,24046.732500000002,15.993775261283874,-0.02203204397722558,23689.6,23412.6,23379.55,24176.15,23997.55,1
NIFTY 50,2026-05-18,23482.2,23695.65,23317.1,23649.95,0.00027280225008996517,0.027280225008996517,6.450000000000728,378.5500000000029,1.6006376334833812,23555.04,23845.76,24011.552499999998,15.623686292519217,-0.006965949147311523,23643.5,23689.6,23412.6,23815.85,24119.3,0
NIFTY 50,2026-05-19,23675.3,23782.3,23587.2,23618.0,-0.0013509542303472566,-0.13509542303472566,-31.950000000000728,195.09999999999854,0.8260648657803309,23602.73,23804.28,23974.21,15.59718623235408,0.010199084242425549,23649.95,23643.5,23689.6,23379.55,24032.8,1
NIFTY 50,2026-05-20,23457.25,23690.9,23397.3,23659.0,0.0017359640951817301,0.173596409518173,41.0,293.6000000000022,1.240965383152298,23652.010000000002,23737.085,23928.33,13.700378861025008,0.01052424762734594,23618.0,23649.95,23643.5,23412.6,24330.95,0
NIFTY 50,2026-05-21,23830.05,23859.9,23596.6,23654.7,-0.00018174901728729154,-0.018174901728729154,-4.299999999999272,263.3000000000029,1.113098031258071,23645.03,23669.89,23892.16,13.700113787552425,-0.0014732203160879864,23659.0,23618.0,23649.95,23689.6,24326.65,1
NIFTY 50,2026-05-22,23671.2,23835.65,23671.0,23719.3,0.0027309583296342144,0.27309583296342144,64.59999999999854,164.65000000000146,0.6941604516153573,23660.19,23624.204999999998,23869.4725,13.807178919930275,0.0032059551250871454,23654.7,23659.0,23618.0,23643.5,24176.15,1
NIFTY 50,2026-05-25,23940.25,24054.45,23922.85,24031.7,0.013170709085006838,1.3170709085006838,312.40000000000146,131.60000000000218,0.5476100317497397,23736.54,23645.79,23876.16,13.578584904198069,0.0161416831748058,23719.3,23654.7,23659.0,23649.95,23815.85,0
NIFTY 50,2026-05-26,24004.1,24089.8,23885.45,23913.7,-0.004910181135749814,-0.4910181135749814,-118.0,204.34999999999854,0.8545310846920324,23795.68,23699.205,23867.21,9.224747350740579,0.012520111779151577,24031.7,23719.3,23654.7,23618.0,23379.55,0
NIFTY 50,2026-05-27,23880.35,23983.2,23858.25,23907.15,-0.0002739015710658821,-0.02739015710658821,-6.549999999999272,124.95000000000073,0.5226469905446727,23845.31,23748.66,23862.7825,9.307478726690347,0.010488608986009673,23913.7,24031.7,23719.3,23659.0,23412.6,0
NIFTY 50,2026-05-29,23902.15,24002.8,23484.75,23547.75,-0.015033159535954743,-1.5033159535954743,-359.40000000000146,518.0499999999993,2.199997876654879,23823.920000000002,23734.475,23831.2875,11.055218029130625,-0.004521300206724255,23907.15,23913.7,24031.7,23654.7,23689.6,0
NIFTY 50,2026-06-01,23654.5,23733.7,23357.95,23382.6,-0.007013408924419595,-0.7013408924419595,-165.15000000000146,375.75,1.6069641528315928,23756.579999999998,23708.385000000002,23800.54,11.513875826002897,-0.014195191257752149,23547.75,23907.15,23913.7,23719.3,23643.5,1
NIFTY 50,2026-06-02,23229.15,23556.95,23229.15,23483.55,0.004317312873675316,0.43173128736753164,100.95000000000073,327.7999999999993,1.3958707265298445,23646.95,23691.745000000003,23768.752500000002,11.822332776228535,-0.022809455843739834,23382.6,23547.75,23907.15,24031.7,23649.95,0
NIFTY 50,2026-06-03,23415.95,23459.65,23151.5,23405.6,-0.0033193448179683616,-0.33193448179683616,-77.95000000000073,308.15000000000146,1.3165652664319714,23545.329999999998,23670.505,23737.392499999998,11.89464613723113,-0.021247234848643326,23483.55,23382.6,23547.75,23913.7,23618.0,1
NIFTY 50,2026-06-04,23282.45,23465.3,23247.3,23416.55,0.0004678367570154496,0.04678367570154496,10.950000000000728,218.0,0.9309654923547662,23447.21,23646.26,23691.6725,11.833502310808365,-0.020521057507900453,23405.6,23483.55,23382.6,23907.15,23659.0,0
NIFTY 50,2026-06-05,23478.95,23516.35,23282.65,23366.7,-0.0021288362290772245,-0.21288362290772245,-49.849999999998545,233.6999999999971,1.0001412266173533,23411.0,23617.46,23643.675,11.835964354946281,-0.007688632671911333,23416.55,23405.6,23483.55,23547.75,23654.7,0
NIFTY 50,2026-06-08,23080.7,23267.3,23070.15,23123.0,-0.010429371712736502,-1.0429371712736502,-243.70000000000073,197.14999999999782,0.8526142801539498,23359.079999999998,23557.829999999998,23591.017499999998,12.440682461163371,-0.011102272630075238,23366.7,23416.55,23405.6,23382.6,23719.3,1
NIFTY 50,2026-06-09,23259.05,23279.4,23104.45,23242.1,0.005150715737577194,0.5150715737577194,119.09999999999854,174.95000000000073,0.7527288842230295,23310.79,23478.870000000003,23562.329999999998,10.026497021515016,-0.010281665250782002,23123.0,23366.7,23416.55,23483.55,24031.7,0
NIFTY 50,2026-06-10,23233.95,23425.35,23184.6,23214.95,-0.0011681388514805935,-0.11681388514805935,-27.149999999997817,240.75,1.0370472475710695,23272.659999999996,23408.995,23554.1,10.035999092967444,-0.008145486550227177,23242.1,23123.0,23366.7,23405.6,23913.7,0
NIFTY 50,2026-06-11,23104.4,23327.45,23072.05,23161.6,-0.0022980880854794883,-0.22980880854794883,-53.35000000000218,255.40000000000146,1.102687206410617,23221.670000000002,23334.44,23541.55,9.936208025595985,-0.010887598728249959,23214.95,23242.1,23123.0,23416.55,23907.15,1
NIFTY 50,2026-06-12,23412.55,23645.35,23313.9,23622.9,0.019916586073501108,1.9916586073501108,461.3000000000029,331.4499999999971,1.4030876818680056,23272.909999999996,23341.954999999998,23538.215,13.186272698918561,0.010964321020940027,23161.6,23214.95,23242.1,23366.7,23547.75,1
NIFTY 50,2026-06-15,23984.85,24011.4,23817.8,23853.9,0.009778646990843631,0.9778646990843631,231.0,193.60000000000218,0.8116073262653157,23419.09,23389.085,23548.735,13.255085077591907,0.03160922025688717,23622.9,23161.6,23214.95,23123.0,23382.6,1
NIFTY 50,2026-06-16,23923.9,24002.6,23888.2,23989.15,0.005669932380029996,0.5669932380029996,135.25,114.39999999999782,0.4768822571870942,23568.5,23439.645,23565.695,13.337610688011253,0.03214210419884611,23853.9,23622.9,23161.6,23242.1,23483.55,1
NIFTY 50,2026-06-17,24044.5,24108.2,23969.7,24085.7,0.004024736182815847,0.4024736182815847,96.54999999999927,138.5,0.5750299970521928,23742.65,23507.655,23589.079999999998,12.997398385557602,0.03750815745887892,23989.15,23853.9,23622.9,23214.95,23405.6,1
NIFTY 50,2026-06-18,24073.8,24189.25,24036.95,24168.0,0.003416965253241422,0.3416965253241422,82.29999999999927,152.29999999999927,0.6301721284342903,23943.93,23582.8,23614.53,12.927102993102835,0.04345122962144243,24085.7,23989.15,23853.9,23161.6,23416.55,0
NIFTY 50,2026-06-19,23991.2,24047.2,23901.9,24013.1,-0.006409301555776348,-0.6409301555776348,-154.90000000000146,145.29999999999927,0.6050863903452669,24021.969999999998,23647.44,23632.45,13.582516364804858,0.016517870371546062,24168.0,24085.7,23989.15,23622.9,23366.7,1
NIFTY 50,2026-06-22,24106.6,24168.05,24073.15,24102.9,0.0037396254544395102,0.373962545443951,89.80000000000291,94.89999999999782,0.39372855548501556,24071.77,23745.43,23651.629999999997,11.418480411582916,0.010438544640499092,24013.1,24168.0,24085.7,23853.9,23123.0,0
NIFTY 50,2026-06-23,24071.3,24135.5,23784.95,23824.1,-0.011567072841857318,-1.1567072841857318,-278.8000000000029,350.5499999999993,1.4714092032857455,24038.760000000002,23803.629999999997,23641.25,13.847175540216321,-0.006880193754259856,24102.9,24013.1,24168.0,23989.15,23242.1,1
NIFTY 50,2026-06-24,23795.8,24090.05,23789.25,24021.65,0.008292023623138078,0.8292023623138078,197.5500000000029,300.7999999999993,1.2522037412084484,24025.95,23884.3,23646.6475,13.957407493210688,-0.0026592542462955393,23824.1,24102.9,24013.1,24085.7,23214.95,1
NIFTY 50,2026-06-25,24125.85,24261.6,24039.0,24056.0,0.0014299600568652426,0.14299600568652426,34.349999999998545,222.59999999999854,0.9253408713002932,24003.55,23973.739999999998,23654.09,13.649099251075675,-0.004634227077126796,24021.65,23824.1,24102.9,24168.0,23161.6,0
NIFTY 50,2026-06-29,24061.75,24120.0,23924.55,23946.25,-0.004562271366810755,-0.4562271366810755,-109.75,195.45000000000073,0.8162029545335939,23990.18,24006.075,23674.015,10.80609221810201,-0.0027838971228203446,24056.0,24021.65,23824.1,24013.1,23622.9,0
NIFTY 50,2026-06-30,24032.05,24035.55,23829.2,23865.75,-0.0033616954637991636,-0.33616954637991636,-80.5,206.34999999999854,0.8646281805516213,23942.75,24007.26,23698.1725,9.92429581212934,-0.009839065008774961,23946.25,24056.0,24021.65,24102.9,23853.9,1
NIFTY 50,2026-07-01,23897.65,24049.9,23895.1,24005.85,0.005870337198705222,0.5870337198705222,140.09999999999854,154.8000000000029,0.6448428195627438,23979.1,24008.93,23724.2875,9.956431803175846,0.007628829630500267,23865.75,23946.25,24056.0,23824.1,23989.15,1
NIFTY 50,2026-07-02,24062.2,24194.55,24058.8,24175.7,0.007075358714646818,0.7075358714646818,169.85000000000218,135.75,0.5615142477777272,24009.909999999996,24017.93,23762.7925,10.402027811811006,0.006412964971182156,24005.85,23865.75,23946.25,24021.65,24085.7,1
NIFTY 50,2026-07-03,24375.65,24378.15,24252.35,24270.85,0.003935770215546919,0.3935770215546919,95.14999999999782,125.80000000000291,0.5183172406405334,24052.879999999997,24028.215000000004,23805.5075,10.447427526505294,0.008931243764549235,24175.7,24005.85,23865.75,24056.0,24168.0,1
NIFTY 50,2026-07-06,24306.85,24458.65,24287.1,24430.35,0.006571669307008143,0.6571669307008143,159.5,171.5500000000029,0.7022003368760698,24149.7,24069.94,23858.69,10.089160640431425,0.02021610899410131,24270.85,24175.7,24005.85,23946.25,24013.1,0
NIFTY 50,2026-07-07,24464.45,24530.9,24348.95,24398.7,-0.0012955197121612416,-0.12955197121612416,-31.649999999997817,181.95000000000073,0.7457364531716884,24256.29,24099.52,23922.475,10.126619231142413,0.022331164953961258,24430.35,24270.85,24175.7,23865.75,24102.9,0
NIFTY 50,2026-07-08,24259.55,24300.0,23805.2,23882.05,-0.02117530852053595,-2.117530852053595,-516.6500000000015,494.7999999999993,2.071848940940997,24231.53,24105.315,23954.4725,13.954079534323386,-0.005157076295986163,24398.7,24430.35,24270.85,24005.85,23824.1,1
NIFTY 50,2026-07-09,23928.95,24134.7,23925.7,23962.8,0.0033812005250806187,0.3381200525080619,80.75,209.0,0.8721852204249921,24188.949999999997,24099.43,23991.864999999998,13.369915845333969,-0.008806363414503027,23882.05,24398.7,24430.35,24175.7,24021.65,1
NIFTY 50,2026-07-10,24124.7,24228.45,24120.35,24206.9,0.010186622598360895,1.0186622598360895,244.10000000000218,108.10000000000218,0.44656688795344374,24176.16,24114.52,24044.129999999997,14.35739083624562,-0.002634847976069943,23962.8,23882.05,24398.7,24270.85,24056.0,1
NIFTY 50,2026-07-13,24039.4,24259.8,24000.2,24211.0,0.00016937319524590322,0.016937319524590322,4.099999999998545,259.59999999999854,1.0722398909586492,24132.29,24140.995000000003,24073.535,14.068833254475427,-0.008978586062008853,24206.9,23962.8,23882.05,24430.35,23946.25,0
NIFTY 50,2026-07-14,24068.0,24157.1,24023.7,24052.05,-0.00656519763743757,-0.656519763743757,-158.95000000000073,133.39999999999782,0.5546304784831141,24062.96,24159.625,24083.442499999997,14.442523967154692,-0.014207724182026205,24211.0,24206.9,23962.8,24398.7,23865.75,1
NIFTY 50,2026-07-15,24085.85,24220.35,24010.55,24078.5,0.0010996983625095602,0.10996983625095602,26.450000000000728,209.79999999999927,0.8713167348464368,24102.25,24166.89,24087.91,14.171001740758694,0.008225843258849341,24052.05,24211.0,24206.9,23882.05,24005.85,0
NIFTY 50,2026-07-16,24142.1,24186.5,24050.0,24072.75,-0.00023880225097083763,-0.023880225097083763,-5.75,136.5,0.5670311867152693,24124.24,24156.594999999998,24087.2625,13.66397721253228,0.004588361961039622,24078.5,24052.05,24211.0,23962.8,24175.7,1
NIFTY 50,2026-07-17,24127.6,24367.3,24099.05,24334.3,0.010864982189404904,1.0864982189404904,261.5499999999993,268.25,1.1023534681498954,24149.719999999998,24162.94,24095.5775,14.6833636716345,0.005262962213253175,24072.75,24078.5,24052.05,24206.9,24270.85,0
NIFTY 50,2026-07-20,24190.05,24266.1,24135.85,24238.5,-0.003936829906757144,-0.39368299067571444,-95.79999999999927,130.25,0.5373682364832808,24155.219999999998,24143.755,24106.847499999996,14.370843554004848,0.0011358473421172466,24334.3,24072.75,24078.5,24211.0,24430.35,0
NIFTY 50,2026-07-21,24216.05,24262.2,24135.65,24187.7,-0.0020958392639808254,-0.20958392639808254,-50.79999999999927,126.54999999999927,0.5231998081669579,24182.35,24122.655,24111.0875,14.384943705245993,0.005639851904515547,24238.5,24334.3,24072.75,24052.05,24398.7,0
NIFTY 50,2026-07-22,24150.45,24166.3,23961.4,23996.25,-0.007915180029519187,-0.7915180029519187,-191.45000000000073,204.89999999999782,0.853883419284254,24165.9,24134.075,24119.695,10.008293204984168,-0.003415910459538596,24187.7,24238.5,24334.3,24078.5,23882.05,0
NIFTY 50,2026-07-23,23904.8,23990.75,23807.2,23869.6,-0.005277908006459442,-0.5277908006459442,-126.65000000000146,183.54999999999927,0.7689697355632239,24125.269999999997,24124.754999999997,24112.0925,10.250144857482967,-0.008439002606681845,23996.25,24187.7,24238.5,24072.75,23962.8,0
NIFTY 50,2026-07-24,23666.35,23823.6,23606.3,23767.45,-0.004279501960652743,-0.4279501960652743,-102.14999999999782,217.29999999999927,0.9142756164418113,24011.9,24080.81,24097.665,8.50143087690737,-0.023294280090242925,23869.6,23996.25,24187.7,24334.3,24206.9,1
NIFTY 50,2026-07-27,23928.4,24011.6,23891.55,23995.95,0.009613988879749513,0.9613988879749513,228.5,120.04999999999927,0.5002927577361983,23963.390000000003,24059.305,24100.15,10.259706161783786,-0.010006807351940039,23767.45,23869.6,23996.25,24238.5,24211.0,0
NIFTY 50,2026-07-28,23971.25,24041.15,23954.6,23985.35,-0.000441741210496005,-0.0441741210496005,-10.600000000002183,86.55000000000291,0.3608452659644446,23922.92,24052.635000000002,24106.129999999997,9.756619714381547,-0.008365822298110337,23995.95,23767.45,23869.6,24187.7,24052.05,1
NIFTY 50,2026-07-29,24176.65,24283.55,24136.75,24250.2,0.011042156983325224,1.1042156983325224,264.8500000000022,146.79999999999927,0.6053558321168455,23973.71,24069.805,24118.347499999996,11.299421344252357,0.010582903578684189,23985.35,23995.95,23767.45,23996.25,24078.5,1
NIFTY 50,2026-07-30,24249.55,24342.95,24187.1,24317.15,0.0027608019727671795,0.27608019727671795,66.95000000000073,155.85000000000218,0.6409056982417848,24063.22,24094.245000000003,24125.420000000002,11.327445316179825,0.018749790528538535,24250.2,23985.35,23995.95,23869.6,24072.75,1
NIFTY 50,2026-07-31,24361.45,24429.4,24299.7,24383.6,0.002732639310116358,0.2732639310116358,66.44999999999709,129.70000000000073,0.5319148936170243,24186.45,24099.175,24131.0575,10.010161556697474,0.025924110495656683,24317.15,24250.2,23985.35,23767.45,24334.3,1
NIFTY 50,2026-08-03,24572.7,24774.3,24515.15,24774.3,0.016023064682819665,1.6023064682819665,390.7000000000007,259.1499999999978,1.046043682364377,24342.12,24152.754999999997,24148.254999999997,12.415049304073733,0.032436723697123915,24383.6,24317.15,24250.2,23995.95,24238.5,0
NIFTY 50,2026-08-04,24703.9,24703.9,24427.95,24614.9,-0.006434086936865979,-0.6434086936865979,-159.39999999999782,275.9500000000007,1.1210689460448782,24468.03,24195.475,24159.065,13.01353349315236,0.026247271772144476,24774.3,24383.6,24317.15,23985.35,24187.7,1
NIFTY 50,2026-08-05,24669.2,24677.6,24497.95,24624.65,0.00039610154824920585,0.039610154824920585,9.75,179.64999999999782,0.7295535164966722,24542.920000000002,24258.315000000002,24196.195,11.900581169136585,0.015441109764043226,24614.9,24774.3,24383.6,24250.2,23996.25,1
NIFTY 50,2026-08-06,24641.0,24677.05,24604.15,24636.0,0.0004609202567344983,0.04609202567344983,11.349999999998545,72.89999999999782,0.29590842669263606,24606.69,24334.954999999998,24229.855000000003,11.160739606277739,0.013112145132139208,24624.65,24614.9,24774.3,24317.15,23869.6,0
NIFTY 50,2026-08-07,24538.9,24630.4,24522.75,24570.65,-0.002652622178925146,-0.2652622178925146,-65.34999999999854,107.65000000000146,0.43812434754473917,24644.1,24415.275,24248.0425,10.882385499877707,0.007671139618432132,24636.0,24624.65,24614.9,24383.6,23767.45,1
NIFTY 50,2026-08-10,24581.25,24620.95,24511.1,24583.8,0.0005351913767033256,0.05351913767033256,13.149999999997817,109.85000000000218,0.4468389752601396,24606.0,24474.06,24266.682500000003,10.361033431572537,-0.007689420084523113,24570.65,24636.0,24624.65,24774.3,23995.95,0
NIFTY 50,2026-08-11,24575.1,24576.85,24429.25,24471.7,-0.004559913438931251,-0.4559913438931251,-112.09999999999854,147.59999999999854,0.6031456743912297,24577.360000000004,24522.695,24287.665,10.875465211924991,-0.005817614534286197,24583.8,24570.65,24636.0,24614.9,23985.35,0
NIFTY 50,2026-08-12,24472.45,24473.3,24265.95,24435.95,-0.0014608711286915321,-0.1460871128691532,-35.75,207.34999999999854,0.8485448693420904,24539.620000000003,24541.269999999997,24305.5375,9.724835218847456,-0.007663053078927007,24471.7,24583.8,24570.65,24624.65,24250.2,0
NIFTY 50,2026-08-13,24431.6,24431.6,24311.4,24395.85,-0.0016410248015731321,-0.1641024801573132,-40.10000000000218,120.19999999999709,0.4927067513531896,24491.59,24549.14,24321.6925,9.72485329454647,-0.009747929858743398,24435.95,24471.7,24583.8,24636.0,24317.15,0
NIFTY 50,2026-08-14,24361.9,24405.2,24296.8,24366.0,-0.0012235687627197844,-0.12235687627197844,-29.849999999998545,108.40000000000146,0.4448822129196481,24450.659999999996,24547.379999999997,24323.277500000004,9.65484339131396,-0.008329042984210888,24395.85,24435.95,24471.7,24570.65,24383.6,0
NIFTY 50,2026-08-17,24343.45,24360.1,24226.95,24287.65,-0.0032155462529753764,-0.32155462529753764,-78.34999999999854,133.14999999999782,0.5482210094430618,24391.43,24498.715,24325.735,3.641559740852,-0.012046550980727044,24366.0,24395.85,24435.95,24583.8,24774.3,0
NIFTY 50,2026-08-18,24223.85,24269.65,24154.9,24154.9,-0.005465740818893505,-0.5465740818893505,-132.75,114.75,0.47505889074266505,24328.07,24452.715000000004,24324.095,3.328914714536539,-0.012945565694250871,24287.65,24366.0,24395.85,24471.7,24614.9,0
NIFTY 50,2026-08-19,24152.05,24172.85,24025.65,24078.3,-0.0031711992183781623,-0.31711992183781623,-76.60000000000218,147.1999999999971,0.6113388403666251,24256.54,24398.079999999998,24328.197500000002,3.1202856964363828,-0.014636222450938097,24154.9,24287.65,24366.0,24435.95,24624.65,1
NIFTY 50,2026-08-20,24225.45,24265.15,24184.55,24231.85,0.006377111340916786,0.6377111340916786,153.54999999999927,80.60000000000218,0.3326200847232142,24223.74,24357.665,24346.309999999998,5.244328448716157,-0.006722454843754111,24078.3,24154.9,24287.65,24395.85,24636.0,1
NIFTY 50,2026-08-21,24284.05,24284.05,24206.8,24252.0,0.0008315502118081408,0.08315502118081408,20.150000000001455,77.25,0.31853043047996044,24200.940000000002,24325.8,24370.5375,5.348047747960413,-0.004678650578675225,24231.85,24078.3,24154.9,24366.0,24570.65,0
NIFTY 50,2026-08-24,24285.05,24313.0,24144.3,24219.05,-0.0013586508329209712,-0.13586508329209712,-32.95000000000073,168.70000000000073,0.696559113590338,24187.219999999998,24289.325,24381.6925,5.24973975187967,-0.0028244807546222717,24252.0,24231.85,24078.3,24287.65,24583.8,1
NIFTY 50,2026-08-25,24175.75,24334.55,24115.45,24334.55,0.004768973184332115,0.4768973184332115,115.5,219.09999999999854,0.9003659406070733,24223.15,24275.609999999997,24399.1525,5.7833156587253,0.007437414354851235,24219.05,24252.0,24231.85,24154.9,24471.7,0
NIFTY 50,2026-08-26,24341.95,24378.6,24207.75,24207.75,-0.00521069836919108,-0.521069836919108,-126.79999999999927,170.84999999999854,0.7057657155249808,24249.04,24252.79,24397.030000000002,6.23622660205068,0.005376210114501401,24334.55,24219.05,24252.0,24078.3,24435.95,0
NIFTY 50,2026-08-27,24277.6,24297.45,24090.85,24090.85,-0.004829032024868174,-0.4829032024868174,-116.90000000000146,206.60000000000218,0.8575870091756919,24220.840000000004,24222.29,24385.715,6.536016196752839,-0.0058187880826268135,24207.75,24334.55,24219.05,24231.85,24395.85,1
NIFTY 50,2026-08-28,24122.6,24188.3,24076.85,24175.65,0.0035200086339834957,0.3520008633983496,84.80000000000291,111.45000000000073,0.4610010485757393,24205.57,24203.254999999997,24375.3175,6.961268188678971,-0.0031481939633843936,24090.85,24207.75,24334.55,24252.0,24366.0,0
NIFTY 50,2026-08-31,24117.55,24128.7,23993.6,24080.4,-0.003939914748931295,-0.39399147489312947,-95.25,135.10000000000218,0.5610371920732304,24177.840000000004,24182.530000000002,24340.6225,7.041402527602106,-0.005724832311754469,24175.65,24090.85,24207.75,24219.05,24287.65,0
NIFTY 50,2026-09-01,24077.55,24143.15,23952.55,24055.8,-0.0010215777146559413,-0.10215777146559413,-24.600000000002183,190.60000000000218,0.792324512175867,24122.09,24172.62,24312.667500000003,6.562437179602043,-0.011454906706719448,24080.4,24175.65,24090.85,24334.55,24154.9,0
