DATE,SERIES,OPEN,HIGH,LOW,PREV. CLOSE,LTP,CLOSE,VWAP,52 WEEK HIGH,52 WEEK LOW,VOLUME,VALUE,NO. OF  TRADES,PRICE_CHANGE,DAILY_RETURN_%,SMA_5,SMA_20,EMA_10,VOLATILITY_10D_%,ROLLING_HIGH_20,DRAWDOWN_%
2026-06-01,EQ,1332.5,1335.5,1318.5,1321.2,1320.2,1320.0,1324.32,1611.8,1290.0,10700603,14170974474.5,212031,,,,,1320.0,,,0.0
2026-06-02,EQ,1307.7,1327.8,1300.3,1320.0,1321.0,1314.6,1313.43,1611.8,1290.0,23302785,30606599536.0,362323,-5.400000000000091,-0.4090909090909145,,,1319.0181818181818,,,-0.4090909090909145
2026-06-03,EQ,1315.0,1324.0,1301.0,1314.6,1312.6,1313.2,1309.61,1611.8,1290.0,20012293,26208226472.8,380780,-1.3999999999998636,-0.10649627263045192,,,1317.9603305785122,,,-0.5151515151515129
2026-06-04,EQ,1301.0,1311.2,1293.1,1313.2,1308.0,1303.7,1303.16,1611.8,1290.0,23474327,30590735365.6,318716,-9.5,-0.7234236978373443,,,1315.3675432006007,,,-1.234848484848483
2026-06-05,EQ,1304.5,1306.0,1288.0,1303.7,1291.4,1291.0,1294.8,1611.8,1288.0,17785223,23028393410.0,356802,-12.700000000000045,-0.9741504947457291,1308.5,,1310.9370808004915,,,-2.1969696969696972
2026-06-08,EQ,1277.0,1282.6,1259.2,1291.0,1262.8,1263.3,1271.9,1611.8,1259.2,16494759,20979689703.1,303591,-27.700000000000045,-2.1456235476374985,1297.16,,1302.2757933822202,,,-4.295454545454547
2026-06-09,EQ,1269.0,1274.2,1257.5,1263.3,1272.3,1269.2,1264.75,1611.8,1257.5,23620214,29873731086.3,273651,5.900000000000091,0.4670307923692052,1288.0800000000002,,1296.262012767271,,,-3.8484848484848455
2026-06-10,EQ,1275.0,1300.5,1254.4,1269.2,1258.7,1258.8,1274.15,1611.8,1254.4,21012796,26773474717.2,307301,-10.400000000000091,-0.8194138039710142,1277.2,,1289.450737718676,,,-4.6363636363636385
2026-06-11,EQ,1258.0,1276.0,1253.2,1258.8,1264.5,1263.0,1265.78,1611.8,1253.2,13117486,16603791532.6,208052,4.2000000000000455,0.3336510962821837,1269.06,,1284.6415126789168,,,-4.318181818181821
2026-06-12,EQ,1277.0,1297.0,1262.5,1263.0,1296.4,1293.0,1277.16,1611.8,1253.2,11988785,15311601155.2,196811,30.0,2.375296912114022,1269.46,,1286.1612376463863,,,-2.0454545454545503
2026-06-15,EQ,1315.3,1325.0,1303.3,1293.0,1306.5,1307.0,1311.06,1611.8,1253.2,18633321,24429312588.7,220103,14.0,1.0827532869296164,1278.2,,1289.9501035288615,1.2465702403685623,,-0.9848484848484884
2026-06-16,EQ,1313.4,1333.4,1306.4,1307.0,1328.6,1328.8,1326.71,1611.8,1253.2,18513223,24561659086.4,268584,21.799999999999955,1.6679418515684663,1290.1200000000001,,1297.0137210690684,1.356083285010458,,0.0
2026-06-17,EQ,1333.0,1334.0,1317.0,1328.8,1332.1,1332.7,1328.97,1611.8,1253.2,10029170,13328474070.8,223240,3.900000000000091,0.2934978928356591,1304.9,,1303.5021354201467,1.3546977099343902,,0.0
2026-06-18,EQ,1330.0,1333.9,1322.0,1332.7,1331.0,1328.1,1327.75,1611.8,1253.2,15494549,20572897900.8,210055,-4.600000000000136,-0.34516395287762514,1317.9199999999998,,1307.9744744346654,1.3325209508700426,,-0.34516395287762514
2026-06-19,EQ,1328.0,1338.2,1305.3,1328.1,1311.5,1309.5,1317.76,1611.8,1253.2,24887034,32795056305.4,271929,-18.59999999999991,-1.4004969505308273,1321.2199999999998,,1308.2518427192715,1.3800088628771483,,-1.7408268927740722
2026-06-22,EQ,1316.7,1344.9,1314.1,1309.5,1324.7,1326.5,1333.48,1611.8,1253.2,12931213,17243520821.4,261143,17.0,1.298205421916765,1325.12,,1311.5696894975858,1.1544978465901816,,-0.46522097996548606
2026-06-23,EQ,1328.9,1333.0,1304.0,1326.5,1306.0,1309.5,1318.19,1611.8,1253.2,15400184,20300411366.4,184704,-17.0,-1.2815680361854542,1321.2599999999998,,1311.1933823162065,1.284375956995213,,-1.7408268927740722
2026-06-24,EQ,1305.7,1322.0,1297.5,1309.5,1313.4,1313.6,1312.24,1611.8,1253.2,11030917,14475176030.9,181859,4.099999999999909,0.31309660175637966,1317.44,,1311.630949167805,1.221067604214134,,-1.4331807608614189
2026-06-25,EQ,1318.0,1328.0,1314.6,1313.6,1316.5,1318.1,1320.81,1611.8,1253.2,12694362,16766828496.7,226862,4.5,0.3425700365408124,1315.44,,1312.8071402282042,1.2209896440071841,,-1.0955203721767948
2026-06-29,EQ,1308.0,1313.7,1292.6,1318.1,1302.3,1301.0,1302.94,1611.8,1253.2,13757656,17925371908.1,233886,-17.09999999999991,-1.2973219027387795,1313.74,1303.23,1310.6603874594396,1.1206087240747153,1332.7,-2.3786298491783597
2026-06-30,EQ,1306.9,1306.9,1290.0,1301.0,1294.5,1293.9,1295.14,1611.8,1253.2,15695263,20327586926.9,213627,-7.099999999999909,-0.5457340507301955,1307.22,1301.925,1307.613044284996,1.074011740596129,1332.7,-2.911382906880766
2026-07-01,EQ,1298.9,1312.2,1296.5,1293.9,1306.5,1308.0,1307.11,1611.8,1253.2,7001401,9151570032.2,149608,14.099999999999909,1.089728727104089,1306.92,1301.595,1307.683399869542,0.9799728461389514,1332.7,-1.8533803556689432
2026-07-02,EQ,1310.0,1313.2,1299.0,1308.0,1301.9,1303.5,1303.94,1611.8,1253.2,17795024,23203584205.1,331954,-4.5,-0.34403669724770714,1304.9,1301.1100000000001,1306.9227817114433,0.9683436238335744,1332.7,-2.1910407443535673
2026-07-03,EQ,1312.0,1312.0,1302.0,1303.5,1305.0,1304.0,1305.14,1611.8,1253.2,7839550,10231733311.4,209968,0.5,0.03835826620637306,1302.0800000000002,1301.125,1306.391366854817,0.9702996426771412,1332.7,-2.1535229233886177
2026-07-06,EQ,1304.0,1325.6,1299.4,1304.0,1321.7,1321.3,1316.79,1611.8,1253.2,7610709,10021698838.7,210015,17.299999999999955,1.3266871165644067,1306.14,1302.6399999999999,1309.1020274266684,0.9720019531872592,1332.7,-0.8554063180010618
2026-07-07,EQ,1323.5,1328.0,1304.1,1321.3,1305.0,1308.4,1314.21,1611.8,1253.2,14335554,18839874763.2,262924,-12.899999999999864,-0.9763112086581316,1309.04,1304.895,1308.9743860763651,0.92383237802472,1332.7,-1.8233660988969724
2026-07-08,EQ,1297.0,1302.3,1271.6,1308.4,1274.9,1275.9,1284.32,1611.8,1253.2,19960868,25636141483.5,368557,-32.5,-2.4839498624273926,1302.6200000000001,1305.23,1302.9608613352077,1.1422828627416697,1332.7,-4.262024461619262
2026-07-09,EQ,1277.1,1296.5,1274.2,1275.9,1280.9,1279.8,1286.53,1611.8,1253.2,14651963,18850219782.4,279312,3.8999999999998636,0.30566658829060955,1297.8799999999999,1306.2800000000002,1298.7497956378973,1.1418755744516924,1332.7,-3.9693854580926002
2026-07-10,EQ,1291.9,1311.1,1287.8,1279.8,1310.0,1307.8,1301.71,1611.8,1253.2,8412537,10950723928.2,143317,28.0,2.1878418502891073,1298.6399999999999,1308.52,1300.3952873400976,1.3744782546585605,1332.7,-1.8683874840549342
2026-07-13,EQ,1300.0,1306.4,1295.0,1307.8,1297.0,1296.9,1299.42,1611.8,1253.2,9488352,12329316771.2,227014,-10.899999999999864,-0.8334607738186173,1293.7599999999998,1308.715,1299.7597805509888,1.3357338669132974,1332.7,-2.686275981091013
2026-07-14,EQ,1290.0,1308.0,1286.9,1296.9,1295.0,1293.0,1296.78,1611.8,1253.2,13511284,17521220474.2,231407,-3.900000000000091,-0.30071709461023666,1290.6799999999998,1308.0149999999999,1298.5307295417178,1.3273110890813573,1332.7,-2.9789149846176977
2026-07-15,EQ,1294.1,1310.9,1294.1,1293.0,1296.0,1295.5,1300.25,1611.8,1253.2,9577965,12453701323.8,189291,2.5,0.19334880123742515,1294.6,1306.35,1297.9796878068598,1.274845352349087,1332.7,-2.7913258797929053
2026-07-16,EQ,1295.5,1309.4,1291.8,1295.5,1300.0,1296.6,1301.2,1611.8,1253.2,15631046,20339050955.8,219816,1.099999999999909,0.08490930142801556,1297.96,1304.545,1297.7288354783398,1.2725120961872263,1328.1,-2.708786673670005
2026-07-17,EQ,1300.0,1330.3,1296.1,1296.6,1328.8,1327.2,1321.39,1611.8,1253.2,18302218,24184386410.4,257494,30.600000000000136,2.3600185099491133,1301.84,1304.5,1303.0872290277323,1.4838118923207688,1327.2,-0.4126960306145455
2026-07-20,EQ,1317.2,1345.9,1314.9,1327.2,1321.9,1323.1,1330.16,1611.8,1253.2,14305844,19029041193.9,221661,-4.100000000000136,-0.3089210367691497,1307.08,1305.1799999999998,1306.7259146590536,1.4334440761074747,1327.2,-0.72034216252721
2026-07-21,EQ,1321.0,1326.9,1302.7,1323.1,1304.6,1303.7,1309.52,1611.8,1253.2,12753410,16700809195.3,204419,-19.399999999999864,-1.4662534955785511,1309.2199999999998,1304.04,1306.1757483574074,1.47903691214401,1327.2,-2.1760336159675875
2026-07-22,EQ,1302.0,1304.6,1280.7,1303.7,1284.0,1288.6,1291.01,1611.8,1253.2,10840383,13995001337.7,225591,-15.100000000000136,-1.1582419268236666,1307.8400000000001,1302.995,1302.9801577469696,1.280323659815877,1327.2,-3.309071809109332
2026-07-23,EQ,1283.0,1287.3,1268.0,1288.6,1272.6,1272.2,1275.97,1611.8,1253.2,12580741,16052696292.6,240048,-16.399999999999864,-1.2726990532360594,1302.96,1300.925,1297.3837654293386,1.3485054066906357,1327.2,-4.539656336759956
2026-07-24,EQ,1265.0,1283.4,1249.8,1272.2,1280.5,1278.0,1274.32,1611.8,1249.8,9817000,12509975780.1,240418,5.7999999999999545,0.4559031598805108,1293.1200000000001,1298.92,1293.859444442186,1.1209783507991282,1327.2,-4.104449613566452
2026-07-27,EQ,1288.2,1288.7,1278.0,1278.0,1281.0,1280.0,1281.07,1611.8,1249.8,7163132,9176506048.7,130094,2.0,0.15649452269170805,1284.5,1297.8700000000001,1291.3395454526976,1.1048315660719288,1327.2,-3.9543783297066093
2026-07-28,EQ,1275.0,1279.2,1265.9,1280.0,1271.7,1267.7,1271.03,1611.8,1249.8,9312184,11836095240.8,233124,-12.299999999999955,-0.960937499999992,1277.3,1296.56,1287.0414462794797,1.1357517258075047,1327.2,-4.877316725444592
2026-07-29,EQ,1275.0,1282.4,1268.7,1267.7,1277.1,1275.9,1275.55,1611.8,1249.8,9448307,12051805840.6,193119,8.200000000000045,0.6468407351897243,1274.7599999999998,1294.955,1285.0157287741197,1.161591532077571,1327.2,-4.262024461619262
2026-07-30,EQ,1279.8,1297.0,1275.3,1275.9,1289.4,1292.9,1290.41,1611.8,1249.8,12158451,15689434967.6,209491,17.0,1.3323928207539693,1278.9,1294.425,1286.4492326333705,1.2526008029221534,1327.2,-2.9864185488106765
2026-07-31,EQ,1295.0,1309.7,1293.6,1292.9,1305.0,1307.8,1303.09,1611.8,1249.8,8624996,11239164495.9,142746,14.899999999999864,1.1524479851496627,1284.8600000000001,1294.615,1290.331190336394,1.0371800631611745,1327.2,-1.8683874840549342
2026-08-03,EQ,1315.2,1319.0,1306.0,1307.8,1319.0,1319.0,1311.09,1611.8,1249.8,7508023,9843685449.4,158782,11.200000000000045,0.8564000611714473,1292.66,1294.5,1295.5437011843221,1.0809213229681023,1327.2,-1.0279882944398633
2026-08-04,EQ,1315.0,1315.0,1286.4,1319.0,1290.9,1290.9,1296.35,1611.8,1249.8,10759546,13948179020.5,216789,-28.09999999999991,-2.130401819560268,1297.3,1293.625,1294.6993918780818,1.193775408680638,1327.2,-3.1364898326705193
2026-08-05,EQ,1293.0,1299.0,1270.1,1290.9,1280.0,1280.0,1280.84,1611.8,1249.8,24820782,31791472335.4,355243,-10.900000000000091,-0.8443721434658102,1298.1200000000001,1293.8300000000002,1292.026775172976,1.1664452726037033,1327.2,-3.9543783297066093
2026-08-06,EQ,1285.0,1325.2,1281.2,1280.0,1325.0,1325.0,1313.24,1611.8,1249.8,20342297,26714270356.2,279507,45.0,3.515625,1304.54,1296.09,1298.0219069597076,1.5374797939081322,1327.2,-0.5777744428603571
2026-08-07,EQ,1320.0,1337.0,1316.6,1325.0,1334.8,1334.8,1329.09,1611.8,1249.8,9885638,13138878797.8,161575,9.799999999999955,0.7396226415094409,1309.94,1297.44,1304.7088329670335,1.54087022885046,1334.8,0.0
2026-08-10,EQ,1330.1,1332.9,1321.3,1334.8,1327.3,1327.3,1326.94,1611.8,1249.8,8207102,10890305339.4,160982,-7.5,-0.5618819298771394,1311.6,1298.96,1308.816317882118,1.572313457800718,1334.8,-0.5618819298771394
2026-08-11,EQ,1326.6,1328.7,1314.1,1327.3,1323.9,1323.9,1322.58,1611.8,1249.8,9953124,13163770084.2,121384,-3.3999999999998636,-0.2561591200180735,1318.2,1300.505,1311.5588055399146,1.5207486868367408,1334.8,-0.8166017380880963
2026-08-12,EQ,1323.9,1329.0,1309.2,1323.9,1329.0,1329.0,1316.33,1611.8,1249.8,7901012,10400335523.9,129875,5.099999999999909,0.38522547020167774,1328.0,1302.18,1314.7299318053847,1.519141024837992,1334.8,-0.4345220257716442
2026-08-13,EQ,1327.8,1327.8,1307.2,1329.0,1317.0,1317.0,1313.84,1611.8,1249.8,9397301,12346553928.4,147799,-12.0,-0.9029345372460473,1326.4,1303.2,1315.1426714771328,1.5341725414258065,1334.8,-1.3335331135750694
2026-08-14,EQ,1317.0,1317.5,1301.5,1317.0,1310.0,1310.0,1308.27,1611.8,1249.8,10497358,13733404720.5,138435,-7.0,-0.5315110098709219,1321.44,1302.34,1314.2076402994724,1.5096692494100177,1334.8,-1.8579562481270573
2026-08-17,EQ,1314.0,1320.8,1298.1,1310.0,1316.0,1316.0,1308.63,1611.8,1249.8,13383867,17514489451.0,208057,6.0,0.45801526717557106,1319.1799999999998,1301.9850000000001,1314.5335238813864,1.4904838503115516,1334.8,-1.4084507042253502
2026-08-18,EQ,1314.0,1328.6,1311.2,1316.0,1322.0,1322.0,1322.76,1611.8,1249.8,10180567,13466467033.1,198021,6.0,0.45592705167172287,1318.8,1302.9,1315.8910649938616,1.2936097760824272,1334.8,-0.9589451603236432
2026-08-19,EQ,1320.3,1321.6,1303.5,1322.0,1311.0,1311.0,1312.86,1611.8,1249.8,7489365,9832451637.5,160390,-11.0,-0.8320726172465931,1315.2,1304.02,1315.0017804495233,1.2924634666778059,1334.8,-1.7830386574767765
2026-08-20,EQ,1315.5,1316.5,1307.0,1311.0,1313.2,1313.2,1312.27,1611.8,1249.8,5546227,7278168655.0,125718,2.2000000000000455,0.16781083142638487,1314.44,1306.0700000000002,1314.6741840041552,0.5995957531827966,1334.8,-1.618219958046141
2026-08-21,EQ,1314.0,1316.0,1308.0,1313.2,1316.0,1316.0,1311.2,1611.8,1249.8,5434871,7126221067.3,92200,2.7999999999999545,0.2132196162046851,1315.64,1307.97,1314.915241457945,0.5389201753997626,1334.8,-1.4084507042253502
2026-08-24,EQ,1316.6,1320.0,1302.4,1316.0,1309.8,1309.8,1307.91,1611.8,1249.8,7277167,9517855656.3,135944,-6.2000000000000455,-0.47112462006079214,1314.4,1309.46,1313.9851975565005,0.531750695503894,1334.8,-1.87293976625712
2026-08-25,EQ,1304.3,1317.1,1300.0,1309.8,1317.0,1317.0,1305.89,1611.8,1249.8,7115355,9291891624.7,104584,7.2000000000000455,0.5497022446175004,1313.4,1311.925,1314.5333434553186,0.5703955272388126,1334.8,-1.3335331135750694
2026-08-26,EQ,1310.0,1315.6,1298.0,1317.0,1298.0,1298.0,1305.66,1611.8,1249.8,5744474,7500340576.2,99432,-19.0,-1.4426727410782103,1310.8,1313.0300000000002,1311.527281008897,0.6945281416415875,1334.8,-2.7569673359304714
2026-08-27,EQ,1305.0,1308.4,1282.2,1298.0,1282.2,1282.2,1292.18,1611.8,1249.8,11271497,14564825828.9,218067,-15.799999999999955,-1.2172573189522362,1304.6,1312.4950000000001,1306.1950480981884,0.7341692033220918,1334.8,-3.940665268204968
2026-08-28,EQ,1284.9,1291.8,1280.0,1282.2,1287.0,1287.0,1284.52,1611.8,1249.8,6830228,8773545135.7,166675,4.7999999999999545,0.3743565746373356,1298.8,1311.4550000000002,1302.705039353063,0.7532685979022304,1334.8,-3.5810608330836047
2026-08-31,EQ,1278.7,1297.6,1271.0,1287.0,1277.0,1277.0,1278.43,1611.8,1249.8,34871137,44580283834.5,244866,-10.0,-0.7770007770007803,1292.2400000000002,1309.355,1298.0313958343243,0.7391700110818558,1334.8,-4.330236739586457
2026-09-01,EQ,1285.0,1311.8,1280.0,1277.0,1309.0,1309.0,1299.72,1611.8,1249.8,12617528,16399280651.7,187471,32.0,2.5058731401722767,1290.64,1310.26,1300.0256875008106,1.1445550939292006,1334.8,-1.932873838777338
